id;name;handle;user_id
1;Integration;syndicate Sleek;48239
2;Metrics Berkshire Savings Account;task-force;71203
3;payment;paradigms Producer Wisconsin;8754
4;leading edge generate Saint Martin;Tuna modular systems;33436
5;Licensed Fresh Car Intranet;quantifying;31437
6;connect deposit repurpose;Multi-layered;55151
7;Credit Card Account Auto Loan Account;contingency;20326
8;Gold JBOD New Zealand;Euro payment;7522
9;Architect;Dalasi;7634
10;navigate multi-byte mindshare;Ergonomic Fresh Bike Bedfordshire Consultant;78798
